"","CPER_001-M-20-7-20140116","CPER_001-M-20130701-C","CPER_001-M-20131024-C","CPER_001-M-20140116-C","CPER_002-M-14-37-20140117","CPER_002-M-20130701-C","CPER_002-M-20131024-C","CPER_002-M-20140117-C","CPER_003-M-35-15-20140415","CPER_003-M-7-21-20140116","CPER_003-M-20130701-C","CPER_003-M-20140116-C","CPER_003-M-20140415-C","CPER_004-M-10-5-20140117","CPER_004-M-20130701-C","CPER_004-M-20140117-C","DSNY_009-M-4-7-20140910","DSNY_009-M-33-14-20140409","DSNY_009-M-37-16-20140327","DSNY_009-M-20140327-C","DSNY_009-M-20140409-C","DSNY_009-M-20140910-C","DSNY_016-M-23-38-20140910","DSNY_016-M-35-17-20140327","DSNY_016-M-37-14-20140410","DSNY_016-M-20140327-C","DSNY_016-M-20140410-C","DSNY_016-M-20140910-C","DSNY_101-M-20130731-C","DSNY_201-M-20130731-C","OSBS_087-M-8-19-20131112","OSBS_087-M-20131112-C","STER_001-M-22-2-20130627","STER_001-M-20130627-C","STER_003-M-38-30-20131217","STER_003-M-38-5-20130627","STER_003-M-20130627-C","STER_003-M-20131217-C","STER_004-M-7-21-20131217","STER_004-M-3-10-20130627","STER_004-M-20130627-C","STER_004-M-20131217-C","STER_005-M-5-35-20130627","STER_005-M-20130627-C","OSBS_119-M-19-1-20131112","OSBS_048-M-20130726-C","CPER_001-M-38-38-20131024","HARV_004-M-20130709-C","DSNY_201-M-24-9-20131114","CPER_002-M-38-8-20131024","HARV_001-M-20131122-C","DSNY_201-M-6-30-20130731","HARV_004-M-34-37-20130709","OSBS_047-M-20130726-C","OSBS_119-M-20131112-C","OSBS_047-M-20131112-C","CPER_003-M-3-10-20130701","CPER_004-M-5-35-20130701","CPER_002-M-36-5-20130701","HARV_001-M-13-7-20131122","HARV_001-M-2013070-C","TALL_004-M-20140708-C","DSNY_265-M-20130731-C","OSBS_047-M-30-7-20131112","CPER_001-M-25-38-20130701","TALL_004-M-24-15-20140708","HARV_001-M-25-38-20130709","DSNY_265-M-1-21-20130731","DSNY_101-M-9-26-20130731","OSBS_048-M-9-22-20130726","DSNY_293-M-16-35-20130731","DSNY_101-M-20131114-C","OSBS_047-M-9-26-20130726","DSNY_293-M-20130731-C","DSNY_201-M-20131114-C","DSNY_101-M-35-7-20131114"
"ABC transporters",41839,36771,35384,30581,47007,48430,33295,53048,41416,36890,41857,92870,40882,36664,41349,46940,24989,31067,21434,45584,10728,24954,25393,22039,34140,38333,16453,35442,28957,26019,28083,26465,36640,46955,29214,39937,54763,33979,22289,43791,46696,33775,36934,45034,44812,25774,45237,13064,21060,42077,23767,30813,31205,17243,22677,31134,29382,20172,32141,31183,23573,42396,18886,28220,31522,18800,45198,24513,30193,44197,35677,131907,41160,32741,71567,17682
"Acid stress",2453,2071,1934,1908,2479,2041,1514,2576,2289,1994,2283,4923,2406,1968,2233,2671,2078,2544,1740,3888,968,2276,1969,1558,2399,2754,1315,2909,2754,2194,1688,1510,2018,2705,1769,2408,3014,2503,1535,2475,2698,2436,1518,2420,2122,1510,2269,862,1628,1815,1475,2200,1916,875,1091,1746,1638,1133,1458,2067,1422,2444,1647,1577,1751,1092,2208,1945,1318,2979,1956,12701,2300,1790,4536,1814
"Adhesion",1970,1619,1676,1537,2110,1906,1416,2340,1850,1661,1873,4167,1948,1617,2015,2326,1975,2493,1592,3981,1002,2136,1764,1447,2482,2636,1144,2473,2576,1910,1589,1654,1584,2220,1908,2092,2478,2354,1415,2198,2353,2240,1392,1957,2040,1660,2005,862,1603,1733,1376,2011,1747,912,1161,1840,1388,962,1230,2120,1449,2512,1574,1733,1491,1158,2251,1883,1270,3183,1933,12976,2351,1849,5086,1804
"Alanine, serine, and glycine",47269,41477,40883,34320,54519,53547,37797,60267,46465,41400,47947,108629,47030,43254,47816,55228,37666,49531,32476,71819,17144,37754,35476,26797,45765,48893,21018,49684,47640,36667,31188,29344,42353,55263,41833,48029,63400,47594,31174,52227,55274,46687,39137,50490,43316,30208,49446,15587,29979,45406,29686,40507,38007,18638,23002,34183,33244,23318,36924,39627,27197,47252,26731,30700,36480,19975,47769,33413,33076,55016,38116,226447,42812,34643,87655,30029
"alpha-proteobacterial cluster of hypotheticals",1050,1012,937,872,1351,865,700,1272,1008,887,1081,2170,1014,901,1082,1239,1402,1678,1201,2594,565,1361,1259,1429,1738,2304,979,1814,1439,1365,1801,1583,760,1139,1031,1182,1246,1179,882,1074,1167,1158,624,1054,2148,1491,1446,547,1263,740,1193,1722,1436,961,1091,1881,827,577,688,1620,1272,2307,1017,1751,1043,1089,2085,1300,708,2507,2078,6668,2426,1857,3782,964
"Aminosugars",10539,8831,9220,7902,12739,13167,9269,14502,10825,9342,11144,25049,10976,9989,11091,13041,9365,11242,7366,17489,4553,9510,9039,6015,11107,11029,4950,12684,12431,9492,6010,5741,9823,12766,10062,11036,14885,12320,7716,11692,13138,11852,9171,11932,7629,6255,10664,3444,6539,11575,5608,10164,7693,3607,4560,6439,7480,5456,8775,7293,4935,9115,6250,5701,7530,4030,8421,8105,7265,11381,7357,59275,8028,6605,19890,8380
"Anaerobic degradation of aromatic compounds",13473,11604,11151,9658,15362,16247,11054,16933,13027,11669,13690,30483,13070,12231,13406,15594,12058,16318,10986,24215,5947,12910,11088,8629,14284,15686,6914,15475,16308,10407,10635,9984,12177,15371,11141,13439,17764,12743,8364,14346,15248,12724,10857,14061,14606,9906,13562,5218,9723,13657,10369,11715,12748,6224,7905,11536,9628,6517,11249,13758,9733,17001,9072,10408,10299,7399,16423,11283,9456,17671,13024,71517,14745,11919,28821,9532
"Arginine; urea cycle, polyamines",54471,46277,45050,39590,60410,60460,42030,66632,52670,47121,54340,121500,52712,48116,54456,62353,43063,55901,35892,83064,19739,43469,42314,33644,54985,58693,25510,58807,53690,44540,39319,36580,47512,62519,45318,53459,69517,53026,34557,57765,62019,52590,43024,56588,54252,37196,53335,18760,35017,51180,36399,48452,45907,22979,28751,42926,38215,26396,40801,51098,34372,59000,31479,39416,41283,25280,59541,39408,36522,66312,48129,257527,55271,43768,107605,34624
"Aromatic amino acids and derivatives",42671,36916,36160,29775,49487,48465,33971,53752,40892,35878,42506,96137,41148,37269,42668,48563,39418,49792,32815,75221,17886,39697,36640,28367,47307,50867,21749,50533,49446,36376,32589,29955,36616,49603,37413,42504,54720,42813,28096,46034,48290,40676,33908,44191,42554,30441,43944,14631,30735,39873,28591,41876,36061,18696,23052,34638,28901,20414,31722,38161,27449,47253,27877,31698,32274,20288,45731,35308,29335,55259,38690,234186,43924,35305,91784,31026
"ATP synthases",9722,8425,8323,7396,11299,10864,7604,12485,9360,8193,9470,22479,9606,8299,9838,11478,9275,12317,8203,18259,4195,9455,8182,6510,10986,12100,5278,11609,11627,8436,6624,6180,8366,11357,8894,10190,12904,10628,6507,10745,11733,10400,7692,10364,9129,6650,10130,3153,7423,9353,6092,9510,8223,3879,4528,6926,6699,4629,7540,8133,5814,10071,6306,6449,7145,4455,9932,8127,6761,12126,7928,56853,9035,7296,20352,7970
"Bacterial cytostatics, differentiation factors and antibiotics",1386,1141,1144,896,1760,1777,1335,1966,1356,1143,1440,3387,1436,1299,1491,1592,1443,1564,1104,2129,653,1167,1214,932,1607,1615,740,1793,1630,1206,1039,973,1162,1385,1243,1231,1589,1352,909,1442,1421,1279,1130,1379,1244,1128,1319,426,930,1546,839,1533,961,633,688,1115,1038,770,1216,1017,772,1315,827,920,915,586,1247,1127,991,1821,1262,7850,1242,1142,2534,1045
"Bacteriocins, ribosomally synthesized antibacterial peptides",526,453,425,427,630,564,405,575,583,439,527,1117,606,485,534,682,284,392,243,605,117,321,347,277,420,485,250,460,373,386,342,287,488,624,355,467,634,462,303,488,571,492,388,557,420,367,476,219,200,506,295,441,405,206,256,339,361,283,359,457,302,518,274,287,430,232,586,356,348,555,401,1941,498,405,924,266
"Biologically active compounds in metazoan cell defence and differentiation",6090,4407,4347,4171,5418,6760,4157,6485,5106,4569,5527,12065,5595,5311,4983,6049,5937,6732,4777,10840,2451,6652,4753,4175,5166,7382,3112,6541,7988,4102,2833,2770,4637,5983,3616,4804,6931,4517,2771,5494,6543,4601,3971,5546,3749,3417,5065,2558,4164,5479,4474,4977,6946,1547,1952,3221,3579,2389,5030,6858,4010,5748,3855,2945,3767,2479,6213,5895,3727,6277,3412,33582,4129,3145,12670,5052
"Biosynthesis of galactoglycans and related lipopolysacharides",25547,22298,22034,18581,29660,29219,21346,32393,25498,21439,25749,56939,24717,23226,25885,29593,21807,28628,18758,42950,10669,23114,20638,15794,25541,28038,12346,28564,29135,20415,17606,16579,22390,29719,23892,26246,33633,26931,17976,27852,29599,26153,20262,26815,22078,16957,25929,8767,16618,24441,16186,21873,19664,10034,12271,18991,16604,12311,19056,22513,14449,25859,15740,16737,18547,11930,25416,20656,16859,30240,20264,131021,23328,18867,49715,18801
"Biosynthesis of phenylpropanoids",1031,938,977,766,1432,1688,1074,1682,1156,966,1205,2606,1176,1234,1163,1389,1099,1227,838,1709,401,1179,868,682,1009,1178,551,1183,1200,801,999,924,1057,1204,868,1087,1383,970,622,1203,1246,952,1084,1122,1079,929,996,383,749,1307,884,905,941,521,575,919,740,459,1077,1304,865,1597,765,945,696,754,1397,997,834,1461,974,5747,1303,968,2150,783
"Biotin",26409,23482,22074,18909,30314,30835,21501,33077,25451,23149,26761,59208,25832,23760,26947,30614,23070,29998,19940,43740,11157,23526,22668,17483,28713,31507,14127,31900,29725,21479,20926,19622,22969,30215,22460,26216,33953,25127,16889,28233,29279,24875,21154,26919,27695,19252,25577,9576,19410,25966,19351,24446,22737,11901,15009,22404,18558,13104,20438,25728,18508,32192,16072,20861,20465,14464,30663,20883,18344,35106,25342,132886,28688,23288,55146,17963
"Branched-chain amino acids",91759,80288,79311,66719,105685,106241,73536,115816,89016,79588,92908,207885,89656,82779,93241,106310,78424,103265,68067,150759,37276,80424,73838,57412,94977,103357,45068,103739,101547,72817,67328,63423,80827,106533,81073,93570,121238,92013,60267,99909,105106,89894,74135,96518,94674,64033,95183,32622,64144,89787,64386,83670,79080,40807,50325,73424,65983,45432,72753,85512,60576,104941,57530,66291,71792,45997,104111,71527,64345,114323,84108,466528,94615,76463,186140,62498
"Capsular and extracellular polysacchrides",58951,49927,50263,44363,63783,62844,44967,71827,57034,49389,57709,131762,57997,51564,57730,67353,50564,64617,41816,99488,23424,52967,43404,35017,57183,63180,27788,61426,64068,46207,40418,38721,50105,67373,49459,58431,77648,59488,38371,62104,68395,59029,44787,62366,55014,39788,58847,20034,38279,54133,37983,50112,46841,23656,28980,44569,40466,28007,42106,52245,34839,60377,36129,40532,43586,26670,60711,45644,38803,71853,48612,305390,57177,44628,119270,42567
"Carbohydrates",4251,3771,3778,3477,5510,6156,4158,6349,4478,3723,4605,10229,4541,4402,4343,5099,3811,5224,3275,7498,1740,4288,3386,2534,4150,4725,2039,4768,4966,3424,2984,2811,4019,5111,3769,4241,6043,4554,2872,4862,5610,4571,3900,5100,4171,3017,4887,1592,2934,5184,2936,3868,4112,1720,2185,3100,3258,1946,4804,4110,2870,5045,2854,2768,3356,2323,4749,3670,3735,5307,3561,23139,4169,3243,8964,3035
"Carotenoid biosynthesis",1680,1913,2125,1598,3009,2493,1719,2909,1821,1490,1895,4281,1836,1580,1980,2291,3683,4382,2955,6631,1568,3516,3458,2701,4351,4907,2111,4504,4343,3266,3352,3084,1495,2142,1991,2033,2465,2223,1518,2289,2231,1991,1422,2035,3986,3064,2725,1241,2846,1923,2640,3767,3033,1836,2223,3550,1271,963,1567,3769,2692,4512,2509,3185,1762,2043,4161,3334,1683,5196,3827,20087,4429,3529,8173,2683
"Catabolism of an unknown compound",2142,1833,1502,1269,2572,3314,2153,3003,2015,1934,2444,5323,2116,2290,2218,2633,952,1523,1030,1898,549,1017,1314,823,1525,1495,670,2047,1484,1111,640,658,1973,2192,1900,1672,2370,1893,1278,2071,2209,1754,2159,2072,955,676,1373,467,936,2795,792,1586,888,404,593,624,1657,1096,2217,722,681,1062,855,624,1454,508,1432,1166,1884,1356,929,6203,903,792,1826,666
"Cell Division",20110,17482,17455,14707,22979,22775,16069,25588,19688,17429,20564,46371,20059,18130,20356,23503,16169,21469,14069,31539,7440,16412,15127,11450,19637,20876,9109,20967,20761,15486,12906,12252,17964,23280,17040,20293,26843,20123,13073,21827,23168,19958,16010,21603,18114,12722,21202,6523,13263,19059,12261,17005,15899,7723,9164,13641,14135,9874,15390,16011,11512,19082,11544,12511,15504,7951,19483,14216,13785,23075,16037,99153,17894,14420,38064,13211
"Cell wall of Mycobacteria",19429,16963,16936,14292,22882,22523,16169,25363,19102,17274,19668,44422,19309,17668,19858,22700,19451,25012,16306,37054,9404,20420,17813,13682,22666,24859,11116,24593,25334,17032,16319,15347,17007,22051,16643,19235,25358,19151,12456,20719,22373,18485,15273,20628,21351,15463,19956,7656,16045,19077,15943,19830,18175,9612,11898,17905,13720,9727,14992,21906,14686,26193,14341,16339,14615,11647,24868,17868,13528,27037,19580,112045,21906,17963,44921,15218
"Central carbohydrate metabolism",187085,164951,163759,137665,219418,224867,154812,243483,183341,160324,190772,429378,186301,170638,188952,217286,171660,232687,152523,344808,83172,182116,155244,122536,200785,222252,97505,219703,228352,154754,135066,126031,164398,221095,166126,191118,251422,192040,123810,206772,223371,188154,157256,201858,185702,132323,202862,67824,139595,193238,129116,179336,165925,80630,99409,146026,135674,90361,159047,174956,120838,212344,128742,132977,144050,91578,203540,163266,137417,238546,165989,1061438,188227,151314,398708,143524
"Chemotaxis, response regulators",440,409,382,308,465,363,308,515,454,357,436,908,406,396,426,477,370,351,222,554,146,311,363,289,457,443,164,492,364,425,350,304,378,546,401,488,598,531,332,475,491,534,336,486,408,347,398,158,283,339,329,384,391,206,217,317,313,223,295,460,324,482,223,336,364,222,531,261,301,567,346,1990,469,331,800,310
"Choline bitartrate degradation, putative",3320,2791,2962,2413,3513,3217,2331,3857,3179,2846,3218,7336,3079,2791,3232,3873,2926,3853,2362,5998,1373,3091,2515,1998,3544,3809,1629,3696,3888,2713,2807,2626,2754,3667,2529,3158,4117,3049,1941,3298,3500,3102,2324,3547,3839,2639,3398,1313,2401,2997,2625,3117,3360,1659,1985,3004,2216,1566,2294,3784,2471,4427,2187,2759,2622,1852,4216,2668,1967,4575,3524,17984,3843,3208,7746,2482
"Chromosome Replication",1443,1348,1454,1204,1895,1989,1458,2221,1600,1153,1544,3298,1484,1310,1540,1818,2626,3844,2362,5906,1371,3207,1981,1596,2491,2965,1332,2703,4010,1983,1509,1490,1492,2040,1742,1844,2294,1978,1332,1945,2071,2047,1389,1812,1970,1673,1840,897,1966,1677,1723,2162,2193,875,1103,1786,1129,781,1455,2488,1607,2783,2106,1596,1256,1236,2395,2527,1168,2959,1927,17862,2123,1668,5920,2565
"Clustering-based subsystems",23171,19462,19284,16302,26484,27152,18825,29585,22450,19770,22993,51994,22219,20839,22968,26122,17779,24070,16200,35343,8488,18278,16915,13383,21911,23234,10412,23459,23100,16489,15732,14440,20238,26487,18789,22558,30233,21376,14096,25029,25893,21000,19918,24716,20989,14767,23505,7528,14374,22469,14276,18810,18141,8744,11173,16621,15463,11170,18398,18639,13516,23004,12906,15017,16983,10370,23391,16020,16218,26308,18101,107940,20885,16905,42424,14251
"CO2 fixation",54340,46323,46507,38888,63082,63301,43819,69300,52799,46530,54855,122349,52953,48970,53697,62069,46023,61515,39951,91464,22017,48705,43632,34094,55174,61368,26572,60595,61169,43987,39690,36991,45983,61608,46041,52479,69671,53412,34932,58454,62094,52617,44571,56886,54177,38052,56522,18735,37377,54675,37072,49540,46244,23601,29165,43725,38139,26033,45061,50860,34643,61780,34597,39078,41405,26600,59232,44414,38931,68039,48760,282232,55557,44118,110627,37699
"Coenzyme A",10989,9324,9374,7718,12730,12571,8878,13713,10608,9313,10982,25387,10868,9542,11120,12616,9670,12500,8151,18387,4423,9983,8519,6552,11142,11625,5045,11687,12362,8769,7903,7404,9615,12882,9749,11132,14514,11246,7237,11980,12743,11019,8810,11787,10622,7701,11584,3575,7323,10434,7613,10025,9252,4660,5593,8507,7690,5379,8266,9853,7143,11603,6410,7659,8298,4953,11919,7836,7764,13361,9717,58654,10771,8530,22474,7962
"Coenzyme B",17,34,14,31,17,24,16,43,30,25,46,81,33,21,38,57,16,65,61,113,15,41,15,21,51,39,16,44,52,33,19,24,21,35,18,26,47,16,14,40,49,37,22,52,49,35,33,23,51,23,21,29,27,19,18,25,7,13,11,27,13,47,30,20,20,18,57,31,17,80,29,245,42,34,93,21
"Coenzyme F420",3169,2803,2529,2042,4041,4940,3151,4558,3011,2842,3431,7683,3029,3094,3364,3684,2697,4026,2654,5487,1472,2839,2620,2050,3560,3658,1815,3570,4014,2219,2405,2156,2900,3381,2432,2733,3769,2476,1675,3356,3291,2290,3041,3165,3216,2231,3363,1049,2434,3854,2329,3002,2477,1280,1800,2484,2305,1554,3142,2911,2009,3585,2157,2246,2329,1569,3453,2751,2640,4188,2821,16021,3187,2561,6133,1903
"Coenzyme M",638,514,567,454,856,832,584,986,653,546,637,1385,646,654,608,726,356,512,389,842,203,396,357,343,524,609,229,606,506,436,483,426,582,812,471,671,907,576,314,699,847,546,572,806,575,414,628,201,320,671,317,434,469,228,288,512,380,234,486,427,267,680,244,441,404,320,605,403,457,780,542,2049,616,532,1101,325
"Cold shock",1305,1094,1054,1144,1630,1873,1240,1848,1244,1062,1412,3022,1300,1249,1443,1654,1223,1498,978,2510,557,1165,1036,789,1267,1550,660,1588,1501,967,926,900,1179,1445,1158,1331,1795,1588,906,1501,1638,1491,1222,1405,1111,1065,1398,452,935,1761,886,1197,1208,539,621,1014,1011,615,1397,1274,797,1632,887,970,986,716,1348,1296,1097,1901,1197,7964,1413,1037,2903,1023
"CRISPRs and associated hypotheticals",230,293,356,206,562,541,336,621,268,228,307,666,258,210,248,321,366,651,402,835,200,483,284,261,394,432,195,400,559,268,401,398,208,306,149,220,384,173,117,227,318,157,235,295,609,361,846,150,302,491,285,273,257,247,276,410,154,109,364,402,209,563,294,342,213,248,346,405,256,755,545,2704,510,442,1136,396
"CRISPs",502,586,696,454,961,969,594,1089,518,465,570,1350,523,462,525,662,770,1277,870,1865,415,995,569,523,882,913,438,805,1183,562,806,854,419,590,317,456,780,447,260,487,665,406,500,603,1247,781,1544,328,664,809,590,586,562,540,583,884,297,216,604,874,468,1211,621,741,413,598,823,884,521,1633,1084,6010,1148,919,2372,891
"Cytochrome biogenesis",16136,13723,13747,11780,18864,19883,13566,21246,15940,13837,16191,37118,16078,14790,16187,18791,13319,18575,12272,27522,6760,13872,12633,9657,16588,17549,7851,17782,17780,11652,10342,9797,14284,18278,13766,15403,20976,15945,10034,17435,18943,15261,13767,16794,14534,10261,17419,5181,11357,16927,9177,14113,12333,6036,7515,10782,11442,7817,13634,11888,8535,15102,10015,10127,11916,6742,15135,12653,11813,18910,12786,82127,13938,11299,30938,11156
"D-tyrosyl-tRNA(Tyr) deacylase (EC 3.1.-.-) cluster",2915,2379,2381,2078,3476,3880,2619,4096,2986,2511,3044,6674,2953,2903,3153,3523,1520,1991,1247,2962,722,1716,1586,1207,1783,2018,876,2315,1947,1662,1283,1146,2529,3247,2573,2739,3808,3012,1972,2889,3577,3058,2485,2898,1531,1248,2650,526,1025,3399,1071,1770,1350,721,974,1226,2084,1385,2717,1658,1016,1753,1229,1188,2158,784,1689,1626,2279,2210,1483,9418,1744,1352,3542,1321
"Dessication stress",6,17,11,8,11,9,10,20,11,13,15,39,14,4,19,9,6,1,2,3,6,15,6,9,12,4,2,7,6,9,6,3,1,16,23,12,24,18,9,17,17,13,8,12,5,6,12,1,2,6,5,5,10,5,8,12,5,6,7,4,5,14,10,6,9,4,12,11,10,8,6,91,6,11,11,3
"Detection",14265,12155,11965,9804,16353,17175,11501,17913,14007,12445,14424,33290,13909,13215,14546,16173,12278,16052,10210,23195,5729,12630,11367,8386,14470,15284,6664,15877,16038,11292,9712,9105,12895,16797,12504,14548,18729,13734,9302,15430,16094,14013,12468,14994,13725,9216,14270,4798,9683,14315,9637,12241,11958,5798,7361,10679,10284,7063,11875,12462,9121,15552,8507,9442,10950,6722,15145,10607,9929,16729,12172,74688,13848,11321,27704,9990
"Detoxification",9479,8158,7883,6706,10959,10466,7592,11819,9009,7807,9254,21262,8729,8329,9405,10770,7320,8454,5478,12191,2943,6971,7629,5515,8983,9838,4243,10344,7993,8134,6595,6168,7899,10855,8837,9553,12085,10207,6797,10313,10690,9741,7312,9626,8646,6291,9576,2697,5580,9105,5679,8770,7065,3762,4858,7195,6410,4588,7377,8065,5753,10048,4904,6667,7234,4236,9729,6558,6333,11143,7801,40327,9511,7381,17337,5186
"Di- and oligosaccharides",60760,52456,54741,44890,76880,79259,55224,84838,61514,51311,63556,141237,62118,57815,63037,72734,66737,81596,52536,126210,30807,69812,55293,41931,68276,75713,33046,79114,85831,56381,43055,41096,55581,73615,58338,62519,84358,68016,44490,70043,75517,65802,54038,68127,54923,43478,67541,19988,46751,68644,39289,64161,46152,25414,31566,46543,44144,30279,55390,54170,36187,65956,45843,42471,45620,29646,60389,59089,45784,76148,51938,401717,59824,46937,140015,56514
"DNA metabolism",216,206,214,140,277,221,176,269,223,192,266,552,231,198,257,303,129,133,70,147,47,99,189,102,148,157,79,212,120,161,88,93,216,279,354,289,278,378,213,270,257,333,140,211,97,62,208,37,100,197,77,106,83,39,64,84,158,113,140,93,97,125,55,82,218,77,124,65,117,137,97,557,118,97,229,65
"DNA polymerase III epsilon cluster",2725,2378,2245,1921,3186,3129,2159,3298,2470,2314,2671,6030,2565,2475,2635,3174,2370,2895,1838,4142,1012,2305,2261,1713,2918,2933,1363,3098,2680,2269,1877,1772,2336,3057,2772,2844,3606,3105,1989,3031,3116,2878,2114,2783,2252,1824,2819,791,1807,2495,1579,2278,1918,1039,1217,2068,1786,1311,2100,2133,1569,2530,1430,1884,2076,1161,2481,2031,1786,3428,2176,13723,2498,2086,5302,1788
"DNA recombination",4873,4238,4363,3670,5638,5584,3948,6244,4859,4203,4834,11432,4916,4493,4834,5727,3943,5006,3360,7344,1745,3934,3547,2821,4878,5083,2273,5135,4663,3828,3158,3054,4329,5652,4516,5185,6501,4989,3305,5512,5683,5028,3879,5346,4700,3033,5299,1481,3085,4559,3064,4193,3788,1933,2301,3517,3310,2398,3793,3812,2825,4604,2747,3206,3713,2129,4858,3473,3382,5788,3909,23291,4421,3645,9021,3114
"DNA repair",89694,76696,77881,65181,105600,103296,72596,114519,87933,76395,91050,205155,88561,82145,92291,104105,73530,94251,61656,136676,33640,74262,69367,52689,88328,94974,41695,97083,92382,72886,58654,54811,79472,104455,83493,93218,118566,94849,62636,98900,103865,92117,73716,95447,79117,56565,93166,28328,56998,86667,53129,79729,67432,33883,42825,62303,63077,44648,71281,69259,50091,85884,52026,57570,68654,38154,85481,65915,62482,102525,69632,428895,80127,64001,163319,57155
"DNA replication",81529,70712,71399,60772,93995,91220,64168,102128,78857,69746,81001,186796,80329,73556,82962,95056,65189,83248,54714,120687,30222,65535,62352,47536,78735,84656,36804,88161,80112,66429,52828,49383,70547,95397,76024,84882,107677,87817,57302,90250,95993,85483,63930,85846,72284,51279,86567,25165,51562,76088,47716,72317,60063,30553,38405,55987,57573,39983,61901,62840,45382,75860,45745,52441,63078,33458,76871,58738,55645,93399,63171,380081,73195,58077,145554,51367
"DNA uptake, competence",4297,3883,3773,3154,5226,5091,3535,5500,4270,3736,4353,10240,4364,3991,4365,5112,3642,4480,2790,6523,1646,3429,3374,2593,4212,4569,2009,4716,4304,3513,2801,2680,3659,5137,4004,4469,5947,4554,3062,4781,4989,4515,3411,4520,3817,2717,4596,1329,2776,4215,2546,3779,3277,1615,2120,2994,3000,2051,3362,3315,2461,3968,2346,2819,3351,1686,4103,2973,3094,5025,3252,20997,3761,3154,7923,2825
"Electron accepting reactions",33346,30627,30188,25689,39876,40089,28230,44164,32695,28207,33633,76324,33759,30507,33576,39032,39081,49437,32522,76418,18096,40855,33999,26829,43607,48661,21259,47956,50043,32988,29042,27410,28502,40220,32833,35272,45468,37552,23901,37852,41059,36147,26462,35579,36650,28047,37798,13017,29232,34222,26169,37184,31778,16953,19876,30967,23674,16097,27895,36874,24199,47995,27247,28199,26545,21201,40880,35103,24230,49571,35356,230630,40332,31469,87990,32616
"Electron donating reactions",72684,63722,63876,53842,86394,89353,61585,96465,72506,62518,74644,165719,73632,66688,73344,85440,74067,99622,67133,155659,36936,80646,63339,52255,84627,94851,42153,90798,100160,60798,55300,51624,65017,85365,63780,73411,98701,73694,47749,81223,87951,72018,61748,79299,74312,54665,78022,27093,58848,76956,50272,73896,64858,33058,40445,59428,53051,35266,63006,67184,46339,85090,58016,53917,55254,37472,79597,72064,54164,98846,67448,468236,76140,61139,174873,63918
"Electron transport and photophosphorylation",63,36,103,91,145,61,113,93,53,55,58,191,92,89,59,122,119,60,20,47,16,57,63,30,118,61,15,206,45,154,19,8,39,69,112,66,89,164,51,54,69,99,44,66,47,35,109,8,36,45,7,91,16,22,30,40,38,17,31,19,16,55,30,18,37,13,31,25,36,49,30,248,50,62,100,29
"Fatty acid metabolic cluster",39761,34733,34268,28840,45512,44629,31946,50184,38794,34629,40260,90849,39139,35869,40746,46014,35816,46612,29997,68501,16964,37188,33150,25824,42903,46247,20489,45717,46160,33267,30383,28821,35322,46162,35137,40000,52445,39721,26280,42781,45142,39010,31702,41995,40677,28854,41204,14525,28981,38399,29061,37064,34989,18087,22442,32888,28135,19553,30141,39189,26923,46815,25975,30067,30226,20576,45743,32197,26814,51543,36836,211537,41164,33861,83390,28576
"Fatty acids",75127,66232,64505,54738,84854,84539,59959,94113,73580,66052,76203,169491,73760,67691,76844,86832,68981,89241,58286,132265,33260,71191,64782,50398,83139,90829,40635,89820,89307,62261,60986,57206,65817,86649,64134,75605,98161,73449,48501,80605,84994,72265,58794,78587,80986,57130,76024,28583,56582,71970,58345,71067,69568,35592,44615,66902,52950,37535,57095,80011,55103,96190,49382,60402,57796,43007,93079,62320,50360,101336,74279,401708,83785,68250,165007,53957
"Fermentation",49920,44329,43764,36606,58307,60421,41698,64792,49118,42593,51076,112657,48553,45730,50917,58008,54896,73022,47489,109281,26678,58950,47898,37615,61628,67974,30551,65867,73807,44889,42789,39993,44755,59260,44484,51814,67443,50812,33166,55145,58463,49286,41991,53484,56832,40404,52252,20815,43014,51061,42259,51845,51340,24967,30730,45754,35204,24410,40890,56699,39678,70009,39366,41025,38827,31550,65071,50230,35634,73473,51347,330590,58394,47231,126192,45249
"Flagella protein?",632,588,578,524,732,569,392,715,596,504,557,1363,575,525,619,724,1381,1374,953,2176,496,1288,1042,874,1334,1595,713,1485,1469,1242,893,806,471,808,724,787,871,931,621,697,770,888,413,631,1005,846,805,333,984,414,628,1234,806,515,627,946,449,281,312,971,703,1165,772,915,620,511,997,1091,373,1563,1062,7147,1231,859,2882,1042
"Flagellar motility in Prokaryota",21387,19323,19496,16494,25735,21542,16308,27111,20645,18322,20768,48809,20888,18602,21702,25279,30019,32881,21026,52247,12598,28879,24205,19749,31729,35056,15166,34810,33511,28158,20876,19549,18127,26313,23496,24424,29868,27748,18054,24529,26105,25815,16048,23174,26704,20629,23327,9245,20714,18595,17348,29215,21835,12251,14431,23344,14509,10809,14379,25678,17824,28956,18227,21514,17900,12936,27296,23150,14334,35914,25286,169230,29584,23095,64991,24683
"Folate and pterines",156609,134425,132294,111866,176223,175297,121380,192968,149514,133251,155119,351293,150166,139152,155594,177600,126771,163237,106106,240852,58178,128514,117710,91597,151593,164250,71577,164367,159377,119908,105281,99255,134475,177577,134761,154238,201438,154533,101366,167474,178138,151589,124702,162125,145328,100965,162123,49784,99939,148343,96695,134104,121855,61934,75999,113396,108281,75251,120000,130622,90569,159547,89848,103689,117877,68573,155348,113486,106850,181579,127598,754934,145752,117349,298374,100869
"Gene Transfer Agent (GTA)",632,636,542,508,637,326,290,586,460,562,534,1259,523,453,677,739,234,213,162,324,80,230,245,163,281,270,120,397,208,491,173,130,305,482,588,498,438,634,447,454,464,538,175,352,385,181,905,102,162,245,210,408,235,112,178,203,313,353,216,319,166,468,103,220,604,218,245,181,233,289,218,936,488,231,645,125
"Glutamine, glutamate, aspartate, asparagine; ammonia assimilation",46474,39150,38982,33690,51104,50482,35431,56162,44750,39181,45631,101550,44759,40952,45149,52567,36064,47065,30689,70876,17481,37583,33496,26827,44784,47992,20956,46971,46755,35155,31857,29956,39282,53111,38231,45857,59449,44848,29147,48304,52988,44736,35991,48191,44334,30671,46022,15950,29270,43355,29341,38901,37310,18791,23491,34744,32095,22205,34564,40241,27419,47414,27020,31504,34785,20666,48149,33863,30600,53803,38959,220029,44110,35605,88577,30390
"Glycoside hydrolases",1905,1780,1874,1610,2360,2172,1507,2605,2006,1604,1943,4518,1981,1761,2004,2337,1564,1968,1349,3297,733,1793,1432,1143,1739,1976,914,1920,2238,1364,1447,1303,1706,2620,1974,2325,3006,2535,1710,2341,2751,2376,1598,2269,1810,1344,2050,930,1184,1651,1743,1636,2089,841,960,1541,1326,925,1369,2323,1410,2256,1141,1297,1457,1104,2573,1438,1322,2441,1598,9365,1850,1528,4027,1387
"Gram-Negative cell wall components",34365,28901,30216,25976,36449,31964,23847,39369,32902,28166,32413,74295,33847,28412,32820,38357,35487,44374,28413,68690,15995,36844,29789,25128,40212,44026,19701,40499,43798,32885,30480,28631,29339,40210,30422,36045,45872,36515,23894,36668,40366,36805,25013,36663,39171,29361,35634,13918,26507,27382,27236,34197,33752,17533,20936,32909,22823,16029,21906,38505,26145,43868,25003,30607,25930,19512,42848,31122,21108,52720,35162,208462,41135,33231,85108,29793
"Gram-Positive cell wall components",6521,5632,5848,4930,7192,7035,4899,7778,6430,5580,6581,14429,6426,5786,6406,7581,5523,7398,4750,11657,2727,6040,4870,3835,6689,7048,3066,6946,7409,5106,4677,4353,5670,7623,5634,6605,8495,6560,4375,7108,7555,6513,4763,6801,6431,4654,7114,2269,4400,5923,4448,5682,5614,2837,3462,5110,4619,3237,4687,5916,3984,6955,4167,4725,4920,2976,7041,5115,4294,8139,5465,35414,6388,5271,14142,4731
"Heat shock",22668,20206,19790,17162,26534,25191,17691,28335,22102,19401,22279,51607,22270,19851,22672,26429,19683,25210,16307,37071,8858,19621,18098,14225,23682,25604,10859,26267,24109,19422,15968,15338,19760,26852,20057,22810,30843,23320,15275,24583,26594,23470,17711,24251,22704,15437,24278,7719,15388,20542,14928,21224,19248,9631,11724,17217,16255,11112,17352,19693,13890,24088,13856,16077,17381,10165,24018,17755,15806,28424,19750,118286,22468,18021,45107,15839
"Histidine Metabolism",18220,15452,15274,12733,22111,21605,14740,23569,17640,15827,18607,42782,17965,17069,18731,21184,15761,20271,13310,29720,7163,15473,14763,10980,19059,19717,8466,20120,20200,14313,12610,11529,16034,21103,16359,18602,24277,18024,12198,19791,20864,17976,15423,19959,17620,11719,18392,5775,12018,18091,11598,16289,14511,7532,9151,13462,12572,8926,14259,15073,10785,18634,10554,12451,13480,7827,18681,13363,12513,21390,15705,94178,17053,14102,35366,12271
"Hypothetical associated with RecF",754,621,641,488,980,983,709,996,689,652,790,1818,687,686,860,932,573,673,437,841,232,502,693,438,746,750,309,799,627,615,445,456,631,813,958,814,930,947,584,893,818,801,656,759,617,401,761,165,387,732,297,684,433,255,335,510,529,418,646,390,312,570,396,401,624,282,536,439,532,704,537,3007,559,444,1068,348
"Hypothetical in Lysine biosynthetic cluster",3490,3188,3133,2241,4155,3812,2685,4363,3222,2894,3364,7964,3273,3063,3344,3949,3014,3834,2562,5577,1374,3031,3158,2237,4058,4043,1766,4350,3794,3233,2646,2475,3118,3966,3433,3657,4595,3705,2480,3918,3927,3450,2691,3514,3411,2492,3696,1136,2456,3050,2313,3380,2664,1460,2092,2818,2243,1723,2273,2938,2242,3848,2155,2566,2600,1651,3444,2740,2255,4517,3073,17235,3681,2895,7070,2292
"Hypothetical lipase related to Phosphatidate metabolism",2212,1969,1780,1546,2443,2369,1670,2727,2008,1789,2277,4905,2073,1931,2144,2560,1866,2370,1486,3456,854,1827,1691,1190,2191,2253,1026,2499,2383,1688,1414,1381,1706,2446,2035,2072,2621,2228,1546,2256,2378,2139,1461,2092,1732,1414,2063,736,1411,1993,1459,1889,1745,823,975,1548,1529,1040,1520,1814,1217,2173,1349,1407,1707,901,2222,1552,1424,2431,1717,11070,1910,1517,4129,1536
"Hypothetical protein possible functionally linked with Alanyl-tRNA synthetase",4560,3843,3960,3320,5280,5010,3361,5448,4298,3713,4560,10158,4419,3961,4504,5100,3950,4964,3313,7374,1759,3774,3736,2768,4841,5048,2258,5082,4820,3769,3141,2806,3862,5224,4210,4638,6078,4724,3001,5084,5332,4644,3522,4653,4339,3121,4803,1546,2950,4093,2703,4277,3831,1765,2236,3333,3219,2210,3577,3496,2650,4456,2670,3107,3483,1972,4484,3483,3128,5543,3576,23270,4025,3400,8798,3089
"Hypothetical Related to Dihydroorate Dehydrogenase",853,796,718,710,1024,826,670,1056,819,758,824,1983,887,786,891,1002,1042,1259,812,2069,468,1003,892,638,1134,1311,580,1160,1202,917,703,601,772,1056,980,1070,1192,1119,683,1059,1048,1028,680,954,987,666,857,323,733,715,568,1131,709,373,483,738,600,364,612,788,583,1083,700,752,649,474,961,945,557,1167,792,6324,999,771,2291,891
"Inorganic sulfur assimilation",18486,15738,15364,13193,21177,21706,14791,23516,17561,15733,18344,41127,17648,16638,18287,20798,14870,17880,11883,26491,6516,14505,14783,10826,18399,19383,8335,20826,18037,15040,12702,11584,15146,20592,16209,17553,23146,18522,11711,19292,21014,17859,14179,18388,16348,11886,17087,5371,11460,18536,10745,16771,13467,6864,8710,13342,12436,8820,14549,14851,10491,19232,9675,12517,13906,8402,17294,12641,12955,21281,14488,84096,17002,13400,34318,11068
"Invasion and intracellular resistance",391,310,271,297,331,314,257,399,436,350,392,846,430,340,447,459,183,201,131,319,87,142,154,124,234,256,114,228,179,261,102,122,359,417,313,374,440,453,303,356,421,487,264,434,150,118,280,69,136,305,93,221,109,51,88,111,245,172,203,96,98,153,96,102,284,76,138,156,156,198,133,1012,188,132,395,125
"Isoprenoid/cell wall biosynthesis: PREDICTED UNDECAPRENYL DIPHOSPHATE PHOSPHATASE",10397,9195,9083,7500,12431,11588,8372,13075,9981,8901,10495,24312,10152,9244,10489,11935,9519,11844,7690,17790,4291,9560,8371,6173,10743,11603,4972,11776,11894,8441,7362,6851,9338,12283,9836,10618,13893,11004,7124,11663,12354,10477,8296,11035,9466,7278,10931,3355,7321,10345,6635,9406,8140,4136,5062,7707,7080,4984,8057,9100,6200,10154,6300,7189,7943,4460,10751,8076,7197,13133,8440,56135,9763,7883,21059,7743
"Isoprenoids",30932,27584,27252,22795,37756,36640,25946,40146,30570,26465,31814,72495,30568,28150,32468,36499,28999,37093,24674,54416,13380,28898,27890,20395,34642,37108,15806,38300,36771,27445,24051,22247,27540,35933,28899,31556,40657,32062,21418,34317,35622,31523,25015,32806,31604,22809,32835,10963,23041,30926,21588,30590,26581,14058,17308,25333,21684,15678,24682,29061,20703,35118,20116,23392,24245,15134,34477,25472,21963,40392,28504,169314,32271,26591,64586,22354
"Light-harvesting complexes",11,1,2,2,27,4,11,11,3,1,5,21,0,9,10,7,13,7,4,4,1,10,6,4,7,5,3,19,10,10,0,3,2,5,9,6,2,19,0,10,7,13,1,7,3,4,2,0,3,7,2,6,1,3,4,3,3,2,6,6,5,6,6,1,0,2,3,3,3,0,0,37,8,1,17,2
"Lipid-derived mediators",184,154,161,141,177,216,170,240,208,160,194,420,159,150,198,186,171,203,119,259,54,161,197,135,186,217,112,228,194,196,146,163,136,224,192,164,246,259,128,211,193,194,127,205,193,141,180,69,158,174,135,174,135,77,101,175,108,83,107,204,164,300,96,138,167,140,277,129,127,214,187,822,223,186,416,96
"Lipoic acid",3009,2461,2462,2006,3208,3101,2197,3495,2751,2415,2743,6696,2833,2518,2884,3264,2238,3088,1878,4288,1001,2217,2132,1688,2705,2825,1200,3074,2912,2160,1878,1636,2517,3351,2600,2906,3809,2999,1846,3093,3307,2728,2214,3025,2839,1737,3126,918,1845,2681,1790,2315,2388,1076,1451,1986,2013,1298,2091,2223,1624,2801,1521,1906,2275,1094,3029,2112,2015,3190,2239,13597,2688,2129,5173,1759
"Lysine Biosynthesis",744,668,652,504,791,668,566,766,632,627,671,1670,614,587,786,903,795,841,618,1252,306,662,819,638,922,1051,426,986,823,754,608,569,642,849,895,884,964,960,647,956,836,882,419,702,799,593,977,217,620,562,479,910,570,410,426,726,504,389,478,766,533,817,505,619,659,435,798,664,458,1096,762,3882,845,688,1523,469
"Lysine, threonine, methionine, and cysteine",117068,102080,101550,85448,135942,132791,93857,148040,113719,100713,118858,266181,114752,105348,118667,135237,110215,141591,92962,212497,51218,113298,100941,77125,129269,139561,60981,142591,140734,102608,85139,79254,102734,137274,106512,121136,156650,122627,79174,129021,137759,119516,95340,125144,114756,82511,121631,41686,85459,112366,79412,114256,100326,49966,61514,91676,82262,57621,90083,106434,74486,127675,78036,82733,90560,56425,124697,99865,80582,149223,102494,661323,116856,94252,248799,90430
"Metabolism of central aromatic intermediates",26348,22245,22457,19291,31488,30511,21220,33854,25343,22823,26014,58732,25726,23386,26342,30029,26998,34437,23830,51742,12432,27870,26629,22234,33595,39351,17196,35829,35308,25149,28460,26488,22955,30546,23391,26816,34173,26874,17850,28584,30671,26161,21664,28200,35851,26388,27088,12435,22497,25205,24520,28528,30374,16266,19459,30619,17858,12867,20475,35736,23590,43044,20149,27229,20059,19151,38351,26176,18413,45423,34038,153042,38706,31146,69846,20864
"Methylamine utilization",15408,13084,12799,11016,17595,17947,12125,19378,14061,13132,14715,34220,14349,13857,14798,17398,13194,16450,10427,23942,5903,13099,12200,9668,16592,17570,7477,16969,16120,12420,11349,11034,12240,16445,12191,13914,18596,14063,8932,15266,16570,13371,11936,15095,16098,11021,16724,5302,10477,15197,10806,14289,13228,6694,8483,12577,10702,7282,12370,14441,10151,17491,9332,11558,11860,7410,17681,11745,11006,19186,14244,73985,15795,12819,30529,10350
"Molybdopterin oxidoreductase",3952,3371,3652,3160,3899,3172,2482,4418,3764,3127,3690,7859,3850,3027,3520,4194,4397,5715,3376,8834,2137,4704,3161,2900,4490,5046,2221,4904,5650,3916,2951,2711,3178,4560,3166,4171,5554,4354,2954,4339,4932,4371,2537,4262,3856,2942,4298,1536,3058,2873,2576,4021,3366,1759,2210,3245,2579,1754,2195,3656,2258,3942,3356,2947,2827,1807,3795,4011,2237,5308,3337,27441,4081,3255,9890,4129
"Monosaccharides",77287,63843,66946,57454,92586,92722,66247,102099,75562,65888,79886,178733,77594,71825,78972,93475,80485,88589,56913,139107,33529,78447,67541,50319,81191,88235,38838,91794,94304,72174,52055,48965,68225,90664,73374,78715,104045,87155,55924,84152,92007,84702,64740,84340,62683,52345,80601,25738,52209,80950,46755,77758,58236,29607,37272,55979,54406,38645,64371,65737,44945,75774,47925,51320,56769,33844,73485,62280,52784,90679,61072,448610,70368,56362,164308,65008
"NAD and NADP",20236,17221,17444,14428,23532,22457,16006,25625,19741,17214,20000,46040,19759,18190,20410,23679,16770,20266,13382,30227,7175,16511,15276,11599,19524,20956,9227,21113,20349,16041,13538,12620,17220,23615,18680,20858,26744,20961,13415,21966,23424,20138,16067,21135,18301,13112,21353,6211,12489,19333,11764,17554,14875,7841,9768,14753,13971,9737,15165,15679,11145,19936,11131,13325,15041,8604,19161,14397,13844,23389,16420,97877,18391,15198,37909,13471
"Nucleotidyl-phosphate metabolic cluster",17796,15652,15369,12639,20734,22812,14922,24646,18492,15796,18388,39926,18482,15965,17556,19592,11887,19553,13586,27115,6309,14923,11627,10365,14587,18892,8435,15833,18031,10328,14011,12778,16054,19533,12309,16814,23481,14233,9199,18836,20453,14002,15680,18624,17870,12557,17527,7478,12256,19206,14764,12067,19343,7628,9476,14843,12103,8261,14508,20875,14101,28320,11280,12993,13146,13861,22158,15180,14204,21527,15816,70822,18848,14591,32832,9578
"One-carbon Metabolism",93749,81412,80473,68199,105861,106183,73219,116881,91023,80173,94023,213251,92371,84082,93719,107318,79948,107347,71450,158638,38128,83893,74694,58898,96808,107005,46970,104926,105971,73790,68670,64307,81329,107744,80984,94490,122578,93538,61433,101425,109515,91937,75569,98970,93898,65375,98050,33322,66011,89906,63691,84257,80461,40954,50222,74067,66406,45455,72730,85664,60419,105465,59952,67660,71389,45596,101816,75075,64691,118296,84076,483722,95734,77346,190678,64617
"Organic acids",43214,37436,36579,31142,48430,47953,33700,53502,42124,37002,43478,96807,42200,38467,42657,49469,37832,49293,32796,73460,17552,38860,34596,28109,44616,50062,21945,47314,49049,33680,33576,31492,36646,49612,36817,42906,55965,42717,27623,45940,49043,41778,33919,45153,46517,31754,44899,15975,30790,41249,31878,38566,38785,20435,25023,36956,30808,20748,33169,43008,29954,53442,27554,33433,33379,22925,50360,35540,29543,56397,41689,222063,47358,38015,91066,30200
"Organic sulfur assimilation",17369,14712,14161,12676,19485,19278,13481,21292,16467,14340,16921,37140,16911,15484,16291,19483,16532,18498,12829,28874,6725,16756,15444,13448,18773,23116,9682,20975,20131,15948,14697,13564,14843,19792,14172,17631,22767,16721,11091,18946,20217,16231,13595,18251,18405,14091,16656,7204,12638,16132,14003,17569,18505,7943,10144,15903,11418,7969,13289,20510,13569,22328,11318,14509,12804,9747,22061,15623,11552,23492,17097,90547,20462,15795,40565,12686
"Osmotic stress",16305,14224,13780,11761,17015,17152,12088,19263,15583,14332,15954,35325,15676,14239,15683,18271,11517,13231,8533,19212,4824,11165,10637,8540,13976,14781,6228,14432,13592,10496,10946,9913,13913,17820,12277,14914,19641,14188,9426,16613,17562,14101,12616,16174,14292,10410,18408,5589,8975,15047,11872,11677,13971,6082,7598,11854,11345,7784,12005,16589,11511,17452,7626,10623,12715,7707,17859,9915,10562,17535,13012,61935,14275,11745,27261,8465
"Oxidative stress",44838,38635,38493,33590,52406,51679,36182,57089,42901,38092,44932,102094,43613,40049,45337,52230,42294,50753,33425,75362,18451,41769,40069,31068,49705,56210,24500,55899,50887,41211,36912,34489,38145,51471,41507,45872,58898,48037,31022,49497,51865,46188,35721,46834,46382,35152,47840,16319,32875,44414,32213,45439,39678,21065,25291,39509,31672,22038,35457,45974,31240,56465,28338,36590,34896,25215,51721,38232,31807,61759,43666,238041,50796,40070,96997,32355
"Pathogenicity islands",12278,11028,10658,9490,14119,14095,9943,16258,11778,10510,12253,28407,12600,11196,12389,14612,9135,12433,8137,18393,4173,9263,8394,6852,11492,12871,5578,12574,11424,8815,8322,7641,10739,14198,10321,12205,16502,12659,7696,13484,14781,12409,10186,13337,12434,7772,12629,4206,7885,12459,7755,10484,11019,4947,6465,8884,9212,6050,10249,10246,7332,13297,6783,8370,9545,5585,12880,8584,9116,15177,10679,56025,11846,9198,22340,7299
"Peripheral pathways for catabolism of aromatic compounds",45577,40343,38555,32852,52399,53276,37127,57811,44289,39608,46524,102193,44568,41708,46651,52888,44790,57292,38615,84680,20988,45299,43552,33841,54187,61240,27378,59372,57405,39956,40899,38339,40174,52516,39570,46102,59049,44429,30065,49065,51247,43869,36693,47366,52173,37730,45124,18103,36836,44445,37765,45457,43941,23058,28573,44092,31964,22699,35093,52034,36596,65052,31267,39871,35418,29667,59857,40772,31354,66531,48940,251769,56691,45358,106692,33994
"Periplasmic Stress",3106,2538,2701,2330,3238,2620,2065,3345,2787,2512,2941,6315,3007,2396,2852,3439,2979,4129,2558,6248,1436,3432,2668,2229,3371,3955,1747,3565,3968,2807,2788,2548,2541,3744,2627,3173,4254,3328,1962,3247,3572,3291,2238,3259,3623,2631,3323,1152,2451,2491,2297,3041,2934,1634,1872,2842,2112,1481,1933,3443,2203,3876,2399,2659,2420,1804,3868,2898,1877,4736,3195,19146,3753,3010,7804,2797
"Phages, Prophages",35564,31483,31759,26912,43348,45911,31347,49539,34500,31076,36111,83656,35270,33533,36345,42238,32955,45609,30180,65440,16208,35623,29680,22597,36251,42652,19360,40863,44265,27527,26760,25200,30825,39724,32301,34289,46654,36352,23206,37968,41621,34724,30251,37337,33395,26245,41572,13822,28430,39168,25526,31398,32193,15308,18325,27600,25020,17253,31420,33745,23641,43763,23496,25260,26740,19981,39682,30596,26545,48391,31061,191425,35573,28722,72519,25986
"Phosphate metabolism",5301,4504,4365,3730,5640,6006,3913,6656,5244,4730,5348,12016,5035,4732,5126,6012,4525,5535,3512,8410,2098,4435,3981,2938,5094,5458,2456,5506,5550,3947,3714,3486,4748,5795,3795,4954,6838,4589,2917,5540,5818,4419,4593,5689,5239,3902,4995,1982,3411,5433,3558,4466,4433,2330,2790,3980,3856,2610,4161,4915,3296,5731,3178,3673,3848,2475,5903,3974,3780,6707,4481,26852,5143,4088,10671,3638
"Phospholipids",29630,25422,25203,20758,34284,34523,23750,37270,28503,25661,29724,67542,28647,26929,29856,34317,27849,34624,22124,50328,12655,27963,25594,18921,32134,34244,15414,34996,34783,24989,22327,20676,25899,34014,26329,29610,38323,29772,19567,32020,33456,28823,24405,31092,28245,21200,29770,10603,21802,28696,21824,27943,26029,12719,15452,23594,20649,14091,22598,29882,20803,34996,18716,21667,22383,15205,33641,23726,20757,37709,26463,162478,29688,23872,61034,22006
"Plant-Prokaryote DOE project",319386,277320,274935,233188,372441,363319,255293,405172,309949,273548,320702,727189,313245,285089,321488,370381,281129,355737,232630,526298,126957,285009,260871,204287,333444,362366,158621,359970,350365,265919,236523,220914,277904,369079,285980,322746,420349,328248,214229,348009,372012,318494,255986,336818,313834,224931,334130,109947,219270,306732,214151,293382,266880,135841,167020,255147,220364,155032,244588,290922,201980,355842,196527,231231,244187,156478,340310,252945,221338,401061,281453,1636226,323021,258550,649153,223284
"Plant Alkaloids",892,783,837,752,1005,772,627,1036,773,671,762,1772,840,662,784,890,851,1003,633,1642,371,851,584,507,866,896,390,910,970,838,556,591,781,1111,777,987,1244,1049,591,1016,1085,1057,598,994,642,634,983,276,503,547,608,738,750,308,435,690,513,350,475,793,523,854,387,583,643,393,893,567,476,1085,649,4763,708,609,1932,721
"Plant Hormones",10025,8622,8289,7064,11234,11117,7885,12233,9723,8541,10034,22808,9751,8797,9769,11241,9944,13307,8617,19988,4770,10435,9086,6985,11955,13088,5840,12559,13551,8911,7710,7120,8615,11829,8887,10028,12890,9947,6706,11085,11397,9373,7750,10534,9795,7322,10264,3748,8032,9505,7031,10351,8978,4291,5428,8055,6915,4794,7289,9284,6601,10980,7276,7489,7553,4811,10647,9577,6646,13808,9079,61094,10099,8003,22539,8032
"Plant Octadecanoids",23,20,29,16,16,22,8,22,23,10,22,47,20,18,23,19,13,19,21,36,12,13,9,8,17,33,10,22,30,11,7,16,15,32,20,14,28,17,15,29,19,18,30,18,23,14,35,7,16,28,18,21,19,16,8,17,16,13,18,24,17,25,20,11,17,15,20,23,12,26,20,106,11,23,52,14
"Plasmid related functions",396,385,376,342,601,360,283,524,335,334,355,879,415,316,370,462,820,651,378,913,211,626,703,473,799,790,347,776,708,773,800,754,313,465,546,500,567,636,383,455,498,541,226,334,869,765,536,281,506,254,778,714,789,435,432,833,249,202,241,1277,766,1134,410,729,383,501,1132,464,243,1425,886,3576,1044,844,1665,543
"Polysaccharides",20713,18121,18748,15822,24847,24237,17215,27566,20333,17234,21147,46918,21111,18462,20531,24054,24601,34180,21468,51705,12716,28113,19625,15755,25379,28484,12310,28891,35484,20576,16630,15860,18300,25493,18438,21375,28728,22417,14268,23109,25766,21699,17130,22903,22391,16571,23014,8284,19074,20581,15688,23408,19469,9866,12535,18534,14987,10029,17534,22639,14754,27064,19126,16534,16009,11952,24387,24218,15016,29411,20263,159574,24027,18324,57038,22028
"Probably GTP or GMP signaling related",7947,7056,7043,5800,9459,9460,6473,10136,7639,6877,8019,18671,7982,7214,8260,9424,6976,8797,5567,12947,3247,7058,6282,4829,8426,8908,3828,8793,8860,6751,5470,5364,6956,9413,7694,8290,10503,8716,5537,8979,9213,8476,6478,8226,7181,5447,8556,2656,5351,8005,4890,7278,6250,3170,4031,5866,5850,4063,6278,6957,4659,8086,5008,5480,6284,3558,7857,6348,5755,10234,6816,42813,7795,6175,16201,5862
"Probably organic hydroperoxide resistance related hypothetical protein",950,889,902,696,1354,1324,936,1405,873,829,1013,2313,966,953,999,1212,1015,1163,687,1688,397,884,1083,751,1240,1304,499,1454,1094,1126,862,806,949,1183,1090,1013,1320,1200,739,1029,1008,1158,795,976,1007,828,956,425,827,1018,834,1122,889,443,571,972,716,507,874,1145,751,1382,536,835,796,557,1278,837,756,1362,1058,5565,1161,930,2288,747
"Probably Pyrimidine biosynthesis-related",2338,1993,2069,1723,2680,2402,1867,2816,2278,1952,2322,5215,2295,1960,2289,2693,1820,2473,1580,3696,835,2006,1641,1315,2158,2396,1061,2341,2363,1896,1625,1458,1963,2745,1942,2284,3104,2354,1439,2493,2679,2322,1752,2447,2313,1568,2552,739,1510,2291,1533,2148,1929,943,1134,1710,1642,1118,1661,1950,1373,2301,1457,1690,1871,958,2349,1566,1591,2937,1924,11633,2306,1856,4556,1526
"Probably Ybbk-related hypothetical membrane proteins",1441,1256,1247,1199,1690,1693,1136,1799,1368,1223,1538,3312,1497,1312,1612,1858,1064,1403,987,2200,536,1173,1048,974,1418,1790,734,1623,1378,1198,1086,989,1248,1539,1298,1325,1774,1514,922,1471,1700,1469,1023,1383,1335,1066,1348,517,904,1457,970,1275,1053,583,696,1127,1108,756,1186,1343,878,1471,723,1074,1192,679,1367,1071,946,1811,1213,6411,1414,1103,2823,923
"Programmed Cell Death and Toxin-antitoxin Systems",2093,2028,2147,1698,2635,2292,1558,2906,1832,1767,2013,4700,1944,1747,2139,2437,3414,4780,3121,7521,1600,3686,2376,2042,3318,3899,1786,3160,4494,2257,2834,2580,1575,2075,1522,1812,2515,1822,1156,1992,2246,1807,1601,2073,3460,2695,3661,1513,2710,2127,2860,2465,3176,1712,1874,3099,1465,931,1665,3996,2613,4405,2450,2710,1742,2029,4551,2994,1361,5201,3403,22395,3767,3143,8532,3111
"Proline and 4-hydroxyproline",15264,13523,13352,11175,18149,17138,12386,19589,14891,13289,15680,35499,14892,13746,15753,17797,12796,16486,10710,24178,5717,12930,12574,9392,15938,16601,7288,16859,15905,12266,10655,9763,13154,18131,14458,16210,20313,16216,10695,17095,17873,15377,11911,16086,14597,10441,17503,4786,9901,15079,9323,13997,11588,6218,7797,11304,10943,7553,12020,12393,9089,15103,9339,10262,11972,6563,14767,11296,10666,18362,12813,75349,14377,11517,28940,10197
"Proteasome related clusters",101,68,66,91,58,60,48,62,74,62,82,201,77,49,71,84,26,290,328,453,66,105,46,30,113,81,42,46,152,25,18,15,48,84,84,86,72,115,46,89,170,116,28,71,117,51,68,31,101,58,57,43,137,28,38,27,61,30,27,17,21,99,58,33,46,30,75,63,58,152,60,567,44,45,194,41
"Protein and nucleoprotein secretion system, Type IV",6469,5586,5904,5119,8055,7518,5221,8511,6161,5543,6605,15133,6736,6063,6669,7667,7338,8250,5485,12400,2935,7014,6578,4990,7859,8939,3918,8588,8194,6515,6300,5911,5613,7334,5845,6507,8649,7061,4476,7193,7718,6852,5030,6948,8113,6098,7650,3000,5572,6331,6071,7492,7239,3430,4342,6830,4618,3162,5532,8742,5844,9666,4731,6281,5001,4301,9761,5986,4767,11534,7427,39034,8637,6953,16411,5412
"Protein biosynthesis",179110,156738,157344,134596,206002,201734,139678,227377,172125,152697,178657,414608,176914,160197,180578,209649,147165,186178,122110,278149,66082,145138,136004,104299,177841,191544,81827,193524,179409,144304,118459,111440,153369,209945,162699,182304,238729,191174,118998,194836,212251,184394,141067,190631,167561,116675,194521,57233,115679,172019,109181,160867,141887,69941,87002,127887,129176,85961,140904,145516,103137,175484,104241,118752,138063,74733,177546,132366,125396,215597,144599,891707,166554,131453,339675,118030
"Protein degradation",53416,46239,46137,40243,60646,59002,41583,67502,52557,45934,53797,120620,53940,47457,53688,62133,45437,59226,38987,88696,21394,46690,41328,31797,53578,58205,25845,58393,58639,42561,36217,34392,46487,63173,47078,54897,72326,55154,35002,57752,63099,54395,43194,58190,50548,35932,55260,19397,36304,50962,34955,47910,45892,21753,25970,39239,38289,26448,41362,47954,32257,54932,33094,35976,40230,23719,55706,41948,36663,65834,44724,276258,50649,40296,104022,38361
"Protein export?",11374,9828,9776,8770,12785,12400,8641,14131,10753,9534,11193,25488,11152,10001,11206,13189,8895,11257,7250,16377,4274,8816,8196,6490,10745,11645,5153,12148,11148,8863,7522,6990,9840,13143,9896,11345,15014,11800,7496,12193,13333,11641,9085,12052,10778,7451,12265,3758,7134,10666,7113,10237,9173,4520,5695,8066,8259,5752,8957,9488,6758,11012,6474,7515,8789,4785,11523,8338,8103,13115,9275,53574,10685,8264,20901,7341
"Protein folding",29931,26185,25938,23483,33428,32346,23120,37762,28901,25380,29291,66761,29696,25804,29536,34842,27232,35695,23465,52714,12577,27771,24350,19655,31931,35417,15301,35634,34057,26366,22457,21191,25504,34770,25094,29838,40623,30852,19524,31710,34965,31227,23128,32416,32254,22320,31314,11611,21819,27870,21376,29288,28563,13448,16599,24380,21632,14405,23084,29460,19802,35518,19337,22531,23338,15167,34355,24958,20707,41167,28371,162758,31753,25128,63220,22354
"Protein processing and modification",47382,41832,41112,35255,54001,54517,37741,60252,46767,41325,48346,109482,47174,42683,47895,55515,44496,58869,38847,88671,21096,46470,39686,32267,52796,58018,25228,56365,57730,39781,35044,33293,40442,54401,41759,47146,62048,48562,31118,51239,55699,47146,36971,49786,47719,33675,50096,16618,35806,46212,32413,45555,39608,20696,25422,38181,33998,23011,36994,43630,29890,52126,32554,35151,36985,22829,51452,41495,33564,61924,42820,271065,48634,39187,103943,36970
"Protein secretion system, Type I",708,510,434,502,561,539,362,615,596,602,633,1439,620,509,678,810,103,84,46,140,38,82,151,94,155,143,64,229,72,229,107,97,541,734,545,665,753,619,418,614,700,721,398,643,222,104,537,53,66,445,70,164,132,84,90,142,452,365,369,144,80,177,63,126,590,77,138,95,367,161,158,648,209,148,586,105
"Protein secretion system, Type II",13378,11470,11815,10501,15045,13488,10146,17040,13160,11595,12975,29060,13389,11431,13102,15358,12182,15907,10629,25400,5953,12881,10909,10040,15324,17596,7808,15659,15259,11890,12389,11508,11695,15826,11774,14254,18546,13823,9230,14535,16055,13650,10376,14594,16442,11268,14592,5645,10450,12281,10726,13094,13245,7168,8711,13592,9318,6651,10013,14856,10465,17624,9081,12139,10283,7946,17839,11498,8945,20414,14669,72977,16915,13009,32070,10181
"Protein secretion system, Type III",589,435,458,469,641,454,350,602,497,455,520,1091,562,501,586,613,413,567,296,758,194,456,532,377,593,640,223,668,496,670,413,421,506,646,450,592,722,601,422,554,646,663,412,553,644,476,568,242,398,477,452,738,530,309,331,451,422,332,365,694,392,668,367,455,488,281,711,467,354,758,544,2829,671,511,1157,338
"Protein secretion system, Type V",126,113,113,82,141,95,70,132,128,117,112,306,127,93,136,129,198,200,120,273,74,182,239,104,152,176,78,210,213,220,173,146,115,164,113,182,171,151,111,168,147,154,79,154,202,147,154,76,87,76,192,150,212,120,92,189,103,52,44,262,169,233,119,164,111,117,251,117,67,282,211,1288,264,204,488,203
"Protein secretion system, Type VI",10950,9049,9271,8206,11217,10273,7520,12398,10473,9383,10441,22905,10361,9016,10353,12126,11182,14072,8936,20802,5174,11496,9796,7321,12109,13080,5560,13680,14174,10473,8070,7852,8901,12172,8992,10640,14001,10640,7145,11230,12024,11200,7769,11378,11882,8557,11472,4816,8112,9208,8232,11332,10461,5145,6087,9176,7633,5195,7476,11751,7444,12952,7797,8084,8356,5763,12656,9981,6702,14685,10493,67078,11532,9286,24820,9414
"Protein secretion system, Type VII (Chaperone/Usher pathway, CU)",61,52,68,54,72,35,32,67,41,58,35,136,41,36,55,79,159,54,52,159,35,124,106,48,76,89,40,106,102,125,74,61,48,67,44,54,68,60,39,39,48,41,46,53,79,51,89,26,38,38,67,48,61,35,45,50,38,32,15,60,56,84,35,49,43,33,76,49,41,91,71,717,66,62,187,112
"Protein secretion system, Type VIII (Extracellular nucleation/precipitation pathway, ENP)",1042,790,853,752,887,731,526,961,976,872,983,1936,899,809,907,1026,738,950,528,1457,373,778,599,510,789,915,365,924,910,765,620,574,916,1194,694,1040,1425,870,645,1042,1159,1035,760,1148,1094,647,940,412,525,675,728,802,976,478,521,656,687,469,526,1025,667,1071,608,631,786,455,1111,729,515,1070,826,4793,970,751,1938,657
"Protein translocation across cytoplasmic membrane",17147,15234,15543,13714,19765,19434,13644,22288,16749,14917,17366,39788,17485,15376,17529,20555,14344,18107,11662,26777,6539,14463,13059,10496,17191,18617,8167,18942,17641,14097,11824,11145,15106,20221,15393,17567,22983,18813,11486,18995,20825,18390,13636,18521,16575,11662,19304,5710,11495,16830,10942,15820,14077,7110,8639,12529,12652,8716,13805,14957,10404,17495,10328,11909,13696,7637,17360,13195,12754,21537,14483,85423,16843,13160,33374,11600
"Proteolytic pathway",61,47,72,55,86,76,54,97,62,55,70,101,46,46,83,87,410,689,485,1192,248,565,276,237,374,487,242,406,683,283,277,274,60,102,117,75,111,111,73,75,82,106,37,94,352,303,76,219,284,51,370,313,407,191,144,342,25,41,57,588,263,483,353,273,67,235,475,443,39,618,323,3009,311,349,1088,441
"proteosome related",4421,4178,4177,3083,6452,7561,4867,7385,4453,3971,5042,11483,4948,4709,5265,5879,3294,4766,3337,6589,1946,3420,3995,2346,4281,4515,2002,5514,4958,3181,2127,1994,4517,5216,4442,4468,6073,4879,3082,5155,5631,4306,4996,4968,2686,2241,4892,1031,3002,6200,1783,4082,2244,1205,1517,2002,3597,2539,5053,2223,1532,2963,2430,1938,3272,1348,2782,3371,4235,4402,2473,20905,3051,2449,6399,2523
"Purines",61689,53265,52996,44227,70813,71087,49687,78287,59993,53124,62224,142471,59869,56248,62035,71480,49153,64415,42224,95898,22982,50291,46721,35957,60436,64605,28139,64985,63380,48280,40887,38285,54008,70445,52922,60855,80859,60677,39457,66058,70754,59232,50896,65252,56526,39252,64655,19872,39799,60130,38169,53523,48195,23946,30045,43774,43630,30093,49323,51065,36027,60162,35251,40420,46478,26435,61520,44568,43399,71162,49386,301845,56517,44929,115818,39649
"Putative asociate of RNA polymerase sigma-54 factor rpoN",12195,9995,10110,8305,16459,17941,11585,17767,12171,10667,12702,28093,11686,12142,12944,14169,9904,12913,8925,18418,5086,10237,10601,7253,12575,13498,5984,14619,13737,9709,8426,7654,11110,13497,10394,11406,15941,11436,8030,13231,13651,10894,11791,13237,10229,8469,11822,4708,8110,15224,7919,11250,10292,4855,5872,8932,8740,6444,12370,10882,7255,13027,7382,7749,8422,6196,12349,9385,9471,14783,10045,59934,11036,9126,22251,7887
"Putative GGDEF domain protein related to agglutinin secretion",283,251,244,226,274,226,203,286,269,252,275,554,292,232,277,308,139,132,84,219,46,138,150,85,197,151,98,194,153,253,127,116,238,313,301,270,345,330,203,295,318,311,205,259,142,131,267,53,96,190,123,162,154,73,80,143,176,132,162,158,115,188,76,146,249,91,184,93,143,191,171,760,161,139,373,99
"Putative Isoquinoline 1-oxidoreductase subunit",6004,4832,5065,4452,6373,5346,3758,6764,5816,5210,5444,12221,5759,4795,5617,6402,6038,8982,6194,13769,3112,7329,5448,5639,8251,9970,4659,7358,9046,5421,10099,9443,5055,6734,4028,6022,7940,5083,3331,5947,6745,5138,4389,6705,13449,8705,5210,4709,5748,4613,9053,6447,11465,5819,7110,11046,3891,2767,3567,13220,8396,15356,5538,9525,4434,6847,13946,6874,3936,15181,12275,36641,13196,10974,21875,5086
"Putrescine/GABA utilization cluster-temporal,to add to SSs",4205,3710,3422,3135,4919,5039,3489,5294,3692,3660,4094,9547,3923,3732,4152,4786,2963,3650,2334,5139,1257,2838,3640,2685,4459,4582,1925,4618,3527,3518,3308,3162,3407,4769,3644,3872,4875,4060,2690,4436,4530,3831,3149,3957,4015,3231,4580,1227,2550,4218,2834,3852,3607,1860,2311,3619,2973,2057,3360,4273,2936,4943,2190,3315,3598,2097,4551,2780,3180,5242,3879,16964,4522,3669,7794,2308
"Pyridoxine",17545,15623,15002,12857,20543,20450,14264,22903,17542,15295,17520,40772,17331,15886,17951,20683,13832,17241,11403,25060,6014,13697,13264,10217,16730,18691,8095,18219,16741,13870,12170,11194,15391,20370,15320,17501,22846,17688,11492,19134,20144,17549,14325,18464,16165,11675,17827,5555,10989,17204,11020,15675,13488,6990,8798,13206,12503,8665,14445,14828,10576,17997,9272,11947,13750,7778,18107,12489,12467,20050,14261,78878,16671,13351,31996,10573
"Pyrimidines",47791,40844,40562,34895,53681,52501,36953,59184,46056,40899,47477,108719,46308,42653,47516,54476,40012,50793,33160,75733,18532,40315,36017,27715,46802,51111,22143,50830,49205,37928,32615,30885,40910,54953,40542,47069,62202,47173,30754,50310,54626,46991,38348,50377,45466,31385,48337,16415,31366,44839,30909,42599,39441,19160,23757,35087,33622,22847,35943,41958,28775,48528,27667,32145,35947,20965,49445,34664,32071,57386,39934,236630,45879,36576,92405,31850
"Pyruvate kinase associated cluster",3396,3174,2995,2626,4034,3792,2802,4339,3334,2935,3488,7903,3386,3041,3549,4030,2908,3245,2207,4988,1183,2703,2612,2221,3578,3898,1689,3748,3207,2853,2655,2353,2906,3941,3160,3512,4571,3822,2424,3599,3982,3624,2648,3695,3093,2249,3574,1134,2280,3213,2176,3269,2807,1423,1779,2727,2406,1707,2603,3014,2193,3646,1819,2515,2786,1590,3496,2432,2249,4046,3031,15156,3484,2818,6782,2066
"Quinone cofactors",17017,14813,14504,12486,19368,18983,13542,21303,16469,14151,16936,38503,16549,14696,16807,19454,14245,18721,12182,28030,6676,14646,13315,10906,17862,18964,8525,18179,18367,13416,12667,11849,14419,19655,14666,16877,22390,16922,11081,18517,20287,16589,13706,18020,16736,11878,17506,5782,11552,15782,10950,15095,13813,6998,8753,13382,11530,8072,12816,15272,9959,18036,10222,12004,12765,8096,17301,12758,11645,21804,14861,84423,16943,13663,33863,11603
"Quorum sensing and biofilm formation",3515,2971,3232,2562,4317,4467,3084,4825,3437,3032,3727,8514,3628,3413,3603,4068,2949,4113,2760,6197,1330,3074,2929,1918,3676,3872,1718,4187,3860,2837,2281,2113,3093,4184,3049,3561,4729,3761,2346,3945,4348,3575,2987,3964,3345,2333,3953,1151,2299,3802,2211,3415,2997,1474,1688,2473,2760,1843,3146,2930,1972,3466,2025,2201,2742,1420,3713,2713,2821,4338,2910,19247,3328,2566,7008,2482
"Recombination related cluster",1461,1294,1368,1128,1513,1532,1077,1778,1597,1301,1497,3382,1494,1308,1462,1673,1328,1845,1083,2818,642,1467,1017,839,1505,1530,648,1536,1813,1040,1000,881,1420,1837,1071,1545,2029,1331,812,1597,1768,1453,1226,1670,1402,914,1483,637,1016,1321,925,1150,1233,634,719,1065,936,701,959,1203,805,1420,951,909,1084,651,1465,1144,979,1857,1071,8410,1239,1067,3169,1181
"recX and regulatory cluster",2002,1744,1692,1360,2093,1986,1531,2382,1914,1728,2001,4382,1880,1742,2061,2224,1808,2256,1435,3237,846,1713,1666,1177,2126,2137,927,2208,2176,1759,1366,1248,1663,2193,1836,1931,2558,2107,1429,2094,2040,1970,1507,2141,1784,1264,1900,586,1299,1707,1222,1912,1509,754,939,1365,1297,1030,1398,1586,1088,1846,1194,1290,1504,784,1791,1546,1198,2252,1472,10268,1890,1503,3928,1338
"Regulation of virulence",10827,9400,9555,8142,12490,12147,8688,13532,10642,9362,11066,24887,10798,9969,10971,12679,8443,10718,6888,15854,3947,8691,8043,5998,10281,10799,4773,11225,10793,8589,7181,6745,9577,12771,10123,11276,14351,11548,7445,11631,12424,11311,8743,11387,10122,7132,11178,3722,6575,10669,6782,9357,8474,4372,5181,7705,7764,5349,8161,9343,6383,10490,6014,7029,8458,4549,10782,7665,7441,12481,8808,50606,10120,7911,19747,7074
"Related to Menaquinone-cytochrome C reductase ",470,413,389,353,453,564,393,530,433,369,468,981,416,381,493,564,214,437,300,699,150,334,239,174,378,369,146,329,394,167,249,230,358,415,294,383,510,330,205,403,461,357,350,398,379,221,396,158,251,505,275,233,370,158,205,261,246,195,346,403,224,352,243,194,330,134,460,222,320,393,293,1769,328,367,743,224
"Resistance to antibiotics and toxic compounds",79462,69655,70750,60806,93438,86169,61060,100620,76476,67155,77865,173480,78481,68622,77863,89844,94138,116176,75565,181778,43509,99067,78523,65588,102398,116918,52551,108715,118249,82418,88661,84047,69782,94127,69833,84211,110328,84142,55508,88564,95689,83711,64314,88444,112563,84399,85512,41383,72631,72716,83153,90609,99819,51463,60500,98081,54476,37772,59341,122022,78947,138839,65228,87911,60984,60680,126116,82500,54342,150359,105396,561114,119795,95584,236608,81896
"Reverse electron transport",152,88,117,84,192,241,167,252,147,137,175,285,143,163,159,175,126,174,108,368,60,130,63,53,89,86,38,87,130,67,31,39,154,153,87,142,186,82,82,157,154,94,202,179,64,51,103,64,103,217,62,86,84,31,47,57,89,81,192,63,47,68,96,53,76,36,97,108,120,54,41,1244,58,45,347,168
"Riboflavin, FMN, FAD",8247,7367,6984,5841,9804,9953,6899,10958,7996,7210,8329,19143,8145,7606,8477,9820,6533,8245,5300,11904,2940,6558,6243,4687,7840,8312,3661,8595,8271,6114,5610,5020,7311,9505,7428,7959,10611,8343,5485,8830,9383,7889,6933,8812,7373,5071,8527,2345,5089,8293,4995,6896,6227,3294,3925,5813,5613,4123,6751,6724,4661,8367,4482,5461,6310,3630,7963,5725,5574,9309,6525,38783,7377,5803,14675,5038
"Ribosomal Protein L28P relates to a set of uncharacterized proteins",7188,6174,5739,4936,7787,8084,5413,8983,6985,6307,7215,15997,6882,6477,6974,8073,4930,6825,4297,9732,2408,5244,4925,3674,6354,6699,2817,6839,6690,4769,4105,3889,6242,8097,6142,6998,9191,6638,4595,7532,8049,6828,5756,7448,6071,3993,6797,2319,4283,7079,4103,5627,5401,2621,3260,4642,5167,3427,5537,5081,3694,6451,3782,4072,5406,2771,6384,4908,4832,7385,5081,30846,5710,4765,11677,3983
"Ribosome-related cluster",7467,6672,6619,5207,8592,8216,5803,9432,7019,6194,7464,17028,7227,6606,7347,8603,6630,8544,5423,12846,3057,6626,6095,4567,7995,8473,3573,8511,8668,6321,5271,4747,6477,8742,6866,7621,10043,7570,4936,8281,8644,7373,5974,7936,7105,5042,8403,2402,5143,6827,4773,7053,6143,2938,3842,5612,5212,3628,5673,6338,4422,7557,4679,5068,5765,3157,7374,5875,5053,9081,6009,41035,6960,5601,15484,5445
"RNA processing and modification",104049,89138,89496,75393,117099,110321,79297,126084,99810,87495,102491,233663,100922,91534,102887,118805,88420,111489,72334,165090,39526,88125,81228,61707,104096,110886,48021,111540,108497,85757,70072,66703,90035,120707,95460,108084,138156,110235,71790,113182,121022,107874,80024,108612,95744,68633,106540,33520,67099,93662,64383,91088,81834,41322,50884,75999,71532,50081,74834,86702,60419,103029,60813,69279,78942,44204,101916,76421,68053,124952,84547,527278,97585,77739,202531,70347
"Sarcosine oxidase",2279,1943,1825,1554,2723,2703,1828,2956,1971,2039,2125,4965,2057,2180,2123,2532,1867,1912,1054,2506,637,1676,1826,1622,2783,2597,1069,2459,1912,1704,1958,1845,1878,2344,1713,1812,2459,1777,1252,2159,2187,1685,1978,2087,2605,1887,2760,668,1533,2257,1848,1912,2085,1097,1292,2184,1550,1121,1845,2347,1817,2711,1167,1933,1797,997,2849,1457,1644,3126,2338,8354,2511,2078,4054,1141
"Selenoproteins",16425,13950,13839,11317,19533,20200,14044,21590,16557,13911,16933,37587,16506,14901,16702,18852,14274,19268,12495,28744,7168,15377,12647,9763,16675,17877,8029,18326,19699,12379,11891,11149,15083,19137,14482,17051,22528,16047,10948,18327,19879,15989,14439,18236,16647,11254,15796,6307,11524,17386,11444,13902,14622,7267,8834,12837,11678,8023,14412,15226,10220,18407,10698,11314,12108,7854,18038,14107,11798,20754,15017,89358,16456,13491,33953,12188
"Shiga toxin cluster",3683,3411,3744,2927,4224,3707,2699,4481,3533,3196,3574,8136,3605,3107,3692,4374,2921,3652,2336,5361,1325,2821,2848,2158,3481,3932,1618,3943,3518,3276,2664,2453,3444,4750,3933,4239,5338,4478,3026,4532,4808,4354,2994,4279,3297,2494,5089,1284,2213,2906,2347,3306,2902,1457,1772,2859,2580,1848,2528,3193,2291,3829,2022,2615,3194,1724,3689,2573,2324,4278,2997,16817,3518,2768,7224,2142
"Siderophores",5279,3814,3812,3657,4611,4951,3696,5637,5733,4893,5631,11573,5676,4755,5429,6566,1725,2032,1457,3123,865,1609,2304,1494,2830,2644,1985,2838,2215,2318,2742,2666,3898,4717,2740,3777,4742,3626,2534,4073,4868,4599,2999,4771,4658,2435,4125,1189,1641,4580,1852,2685,2071,1626,2329,2762,4249,2831,3701,2220,1831,3070,1709,2519,3697,1330,2834,1913,2685,4619,3400,11095,3215,3090,5695,1351
"Signal transduction in Eukaryotes",6,4,4,1,2,4,0,2,4,4,4,5,3,4,3,9,12,10,6,15,2,11,5,2,5,5,3,10,6,8,3,3,2,2,2,1,5,1,1,1,9,4,2,5,8,7,6,3,6,5,8,11,4,8,7,6,4,0,1,6,4,14,9,2,7,5,4,6,2,7,6,52,7,9,15,2
"Social motility and nonflagellar swimming in bacteria",60,57,87,52,144,122,129,172,101,75,81,219,97,84,88,76,90,114,106,164,54,87,82,73,130,110,32,112,133,90,59,74,111,104,77,95,116,93,67,118,107,89,118,98,76,69,91,22,74,108,72,92,66,31,50,70,48,49,111,74,54,113,57,54,53,28,132,84,66,151,85,470,94,87,190,71
"Sodium Ion-Coupled Energetics",596,482,450,399,503,632,388,666,584,464,563,1244,544,497,522,575,679,1041,648,1685,384,893,459,401,737,793,335,751,1105,468,240,255,440,587,417,549,718,489,365,556,645,462,377,622,523,277,632,199,524,555,335,550,476,161,276,266,410,253,386,357,282,422,509,262,418,192,531,683,375,484,339,5737,392,330,1621,902
"Spore DNA protection",0,16,8,6,3,2,5,1,4,2,3,7,7,0,9,3,2,5,1,16,2,9,36,1,32,15,2,35,6,24,1,1,0,1,7,1,0,5,1,1,1,10,1,1,1,2,1,1,9,2,0,8,1,2,0,0,2,2,5,0,0,0,0,1,6,0,2,4,2,5,4,94,6,1,9,17
"Sugar alcohols",27095,22199,22645,18632,32929,35245,23899,36543,26344,22916,28195,61815,26754,25614,27879,31501,22728,28899,18584,43030,10739,24041,22064,16631,27723,29635,12568,29969,29255,21771,17429,16772,24386,30820,24006,26349,35636,26630,17504,29076,31044,26267,24783,29042,23228,17341,26765,8805,17366,30888,15950,23924,19899,10015,12802,19096,19266,13353,24189,22277,15416,26827,16022,16970,19456,11798,25793,20547,19414,30090,20781,133555,24015,19212,51806,19072
"Sugar Phosphotransferase Systems, PTS",1917,1507,1657,1355,2346,2332,1514,2433,1838,1515,1942,4174,1849,1827,1851,2042,1760,2143,1365,3304,795,1807,1706,1193,2058,2245,930,2222,2189,1544,1291,1252,1772,2339,1932,2073,2611,2204,1371,2161,2298,2059,1701,2239,1777,1363,1870,678,1406,1997,1273,1744,1579,819,995,1453,1341,854,1606,1635,1091,2101,1207,1248,1268,894,1897,1525,1303,2401,1501,11153,1854,1460,3890,1611
"Sulfatases and sulfatase modifying factor 1 (and a hypothetical)",7847,5660,5565,5199,7126,9028,5336,8492,6690,5929,7209,15512,7051,7049,6447,7873,7643,8605,5992,13765,3083,8476,5872,5244,6422,9230,3921,8414,10157,5312,3299,3156,6034,7445,4263,5795,8596,5628,3421,6806,8033,5583,5110,6962,3982,4082,6435,3157,5318,7270,5450,6166,8505,1665,2159,3653,4549,3121,6522,8448,4980,6772,4884,3158,4706,3005,7393,7534,4893,7557,3706,41591,4729,3471,15389,6191
"Tetrapyrroles",26952,23990,24232,19025,33148,31733,22827,35228,26370,23485,27611,63062,26706,24519,27885,31834,27243,34551,23404,52008,12283,26847,26426,20239,33198,35947,16132,34850,33475,25511,23376,21823,23845,30662,25699,26814,35617,28318,19094,29481,30799,26753,21817,28429,29890,21653,29432,9301,22117,26438,19862,28624,22445,13378,16429,25622,18649,13119,21169,26131,18805,34105,18193,22685,21306,14991,31075,23781,18524,38694,27765,155130,30912,25666,62042,20130
"Three hypotheticals linked to lipoprotein biosynthesis",1553,1468,1346,1084,1962,1773,1255,1930,1524,1410,1588,3597,1459,1312,1666,1877,1618,1993,1258,2811,666,1580,1672,1289,2045,2149,986,2200,1878,1640,1416,1438,1347,1886,1850,1822,2175,2042,1273,1964,1952,1865,1136,1651,1815,1414,1731,521,1235,1403,1181,1693,1453,813,953,1554,1014,747,1161,1590,1136,1974,1084,1425,1355,892,1864,1297,1055,2404,1582,9086,1931,1543,4019,1145
"TldD cluster",3822,3339,3200,2666,4274,3933,2783,4426,3458,3193,3597,8373,3601,3176,3707,4275,3899,4798,3051,7210,1721,3817,3437,2771,4582,4824,2081,4735,4629,3803,2957,2746,3230,4435,3691,4204,5025,4296,2663,4116,4345,3933,2794,3919,3801,2950,3968,1385,2887,3247,2637,3777,3267,1759,2019,3069,2587,1764,2596,3834,2545,4170,2756,2808,2929,1936,4165,3279,2364,5194,3320,23032,4092,3150,8613,3237
"Toxins and superantigens",480,358,409,380,388,414,270,498,493,380,451,903,491,386,437,538,381,653,415,1067,239,535,293,252,438,478,239,442,639,282,276,232,370,509,317,436,605,383,232,429,547,409,355,459,299,248,317,207,315,338,294,291,447,137,166,273,272,215,215,396,226,349,276,263,303,168,394,344,203,467,264,2792,267,249,1001,466
"Transcription",46809,41176,40939,36221,56421,56456,38924,62229,45349,40636,47459,109875,46960,43212,47405,55134,40258,51566,34331,78204,19142,40638,37321,29356,48621,53282,23307,53499,50908,39289,33441,31589,40243,54643,41887,46826,62660,49022,31237,51678,55338,47040,39312,50982,45553,32738,49918,16551,32803,47909,30923,44578,40817,19746,24140,36240,34058,23520,39496,41918,28622,50205,28711,33640,36100,21959,49081,36464,34608,59820,41254,242585,46702,36727,92242,33210
"Translation",6297,5427,5343,4832,6971,6599,4693,7493,6126,5327,6319,14063,6228,5486,6289,7262,5490,6775,4430,10176,2417,5308,5202,4057,6614,7029,3050,7053,6680,5692,5001,4658,5365,7191,5523,6230,8358,6442,4079,6564,7359,6274,4840,6453,6782,4593,6767,2489,4202,5702,4744,6124,5831,2850,3596,5444,4506,2934,4306,6269,4209,7754,3800,4752,4788,3347,7500,4968,4041,8564,5975,32911,6644,5383,13080,4560
"Transposable elements",5382,4750,4947,4014,6547,5912,4230,7032,5643,4687,5412,12174,5595,4828,5401,6473,5106,6623,4102,9855,2409,5666,4159,3381,5604,6077,2775,5760,6492,4245,4013,3609,4782,6374,4921,5565,7408,5644,3612,5969,6454,5681,4216,5806,4890,3651,5754,1943,3979,5282,3429,4669,4370,2113,2597,4215,3675,2706,4058,4773,3389,5549,3564,3705,3852,2550,5179,4426,3664,6809,4398,30040,5196,4065,11480,4322
"Triacylglycerols",528,475,427,392,559,573,458,662,520,436,504,1179,500,420,544,590,474,471,306,695,155,389,530,389,557,647,268,601,444,514,495,504,423,621,559,452,678,691,390,578,574,609,345,490,593,487,540,197,336,473,408,488,492,243,315,583,353,275,297,579,439,759,278,471,458,346,741,373,323,691,563,2174,762,544,1159,289
"Tricarboxylate transporter",8738,6370,6407,6139,5325,5515,3411,6502,6425,6768,7113,15506,6801,6250,7042,8015,1004,1014,793,1835,406,944,1255,1569,2007,2453,906,2133,976,1976,1875,1962,5849,6737,3101,5649,8209,4011,2687,5696,7140,5040,4618,6688,3288,1777,10132,833,1000,5157,1373,1942,2328,1174,1556,2314,5146,3289,3913,2092,1558,3036,853,2128,5912,1374,2851,1144,3417,2677,2482,5074,3250,2469,6448,687
"tRNA sulfuration",2697,2423,2518,1965,3252,3090,2247,3390,2578,2193,2824,6211,2581,2351,2738,3131,2716,3396,2279,4952,1152,2678,2598,1986,3247,3701,1610,3718,3548,2725,2169,1998,2340,3264,2803,2937,3678,3231,1998,2873,3285,2989,2004,2888,2752,2253,3070,930,2205,2462,1904,2878,2226,1149,1423,2387,1902,1321,1971,2505,1820,3093,1837,2183,2152,1411,2955,2405,1799,3990,2681,15814,2905,2342,5846,2029
"Two related proteases",6860,5942,5615,4883,8271,8592,5920,9426,6811,5849,6947,16115,6769,6555,6988,7945,4997,6865,4268,9777,2372,5152,4586,3462,5932,6198,2724,6722,6452,4562,3830,3684,6073,7782,5562,6558,9038,6480,4122,7373,7977,6209,6136,7434,5586,3842,6741,2185,3961,7370,3893,5482,4873,2325,2957,4143,4848,3365,5957,4886,3445,5640,3811,3782,4859,2463,6189,4406,5216,7030,4742,30657,5366,4220,11430,4122
"Uni- Sym- and Antiporters",3965,3535,3421,2869,3646,3680,2405,3910,3227,2783,3452,7277,3244,2912,3335,3872,2054,2206,1547,3384,844,1895,2189,1500,2364,2659,1107,2774,2253,1983,1556,1454,3020,4002,3304,3540,4241,3918,2508,3861,4041,4289,2579,3451,1862,1471,5307,544,1451,3099,1255,1949,1486,748,985,1602,2319,1551,2404,1515,1107,1887,1270,1438,3082,777,1794,1863,2095,2742,1721,10270,1967,1613,4405,1416
